text,label
"Dinner was lovely, send me ₹350 when free",0
"Can you pay the cab driver ₹220 at rahul@okaxis",0
"Your monthly rent receipt is ready in the resident app",0
"SBI: your account is blocked, update KYC immediately at sbi-verify-now.xyz",1
"Electricity connection will be disconnected tonight, pay ₹4980 to ramesh123@oksbi",1
"Congratulations winner! Claim cashback by paying processing fee",1
"Your parcel is held, pay ₹25 delivery fee at track-order.click",1
"Team lunch payment request from Neha for ₹480",0
"Your salary was credited. View statement in the official banking app",0
"Police notice: pay penalty now to avoid arrest",1
"Guaranteed 40 percent return in one week, join VIP trading group",1
"Amazon order delivered successfully",0
"Interview confirmed for Monday, no fee is required",0
"Work from home job: registration fee ₹1999 mandatory today",1
"ICICI KYC expires today. Send OTP to reactivate",1
"Your electricity bill was received through the official portal",0
"You won a lottery of ₹25 lakh, pay tax before release",1
"Reminder: dentist appointment tomorrow at 10 AM",0
"Refund pending, share card PIN and CVV immediately",1
"Mom: please bring groceries on your way home",0
"Customs seized your parcel. Pay fine using secure-refund@okhdfcbank",1
"Monthly SIP of ₹2000 processed successfully",0
"Flipkart delivery agent will call between 2 and 4 PM",0
"Account verification failed, login at hdfc-security-update.top",1
"Your friend shared photos in the family group",0
"Urgent loan approved, pay advance insurance fee",1
"Your movie tickets are confirmed",0
"Bank fraud team: move funds to safe account now",1
"Water bill due next week. Pay via the official city portal",0
"Exclusive reward expires in 10 minutes. Click and verify now",1

